"id","cart_id","username","roles","password"
"1",NULL,"Rosalind Olson","[]","$2y$13$RgSrTjVqoKV4j9wt/psV/.TUwT.m5O4Bkp5lbCD.dg5/ySVjgkR.6"
"2",NULL,"Noe Bartell","[]","$2y$13$RgSrTjVqoKV4j9wt/psV/.TUwT.m5O4Bkp5lbCD.dg5/ySVjgkR.6"
"3",NULL,"Mozell Bradtke","[]","$2y$13$RgSrTjVqoKV4j9wt/psV/.TUwT.m5O4Bkp5lbCD.dg5/ySVjgkR.6"
"4",NULL,"Winifred Purdy DVM","[]","$2y$13$RgSrTjVqoKV4j9wt/psV/.TUwT.m5O4Bkp5lbCD.dg5/ySVjgkR.6"
"5",NULL,"Miss Gwen Sipes Sr.","[]","$2y$13$RgSrTjVqoKV4j9wt/psV/.TUwT.m5O4Bkp5lbCD.dg5/ySVjgkR.6"
"6",NULL,"Mr. Javier Franecki","[]","$2y$13$RgSrTjVqoKV4j9wt/psV/.TUwT.m5O4Bkp5lbCD.dg5/ySVjgkR.6"
"7",NULL,"Makayla Parker","[]","$2y$13$RgSrTjVqoKV4j9wt/psV/.TUwT.m5O4Bkp5lbCD.dg5/ySVjgkR.6"
"8",NULL,"Amani Mayert","[]","$2y$13$RgSrTjVqoKV4j9wt/psV/.TUwT.m5O4Bkp5lbCD.dg5/ySVjgkR.6"
"9",NULL,"Mr. Devin Anderson","[]","$2y$13$RgSrTjVqoKV4j9wt/psV/.TUwT.m5O4Bkp5lbCD.dg5/ySVjgkR.6"
"10",NULL,"Juvenal Bednar","[]","$2y$13$RgSrTjVqoKV4j9wt/psV/.TUwT.m5O4Bkp5lbCD.dg5/ySVjgkR.6"
"11",NULL,"Miss Sabryna Howell DDS","[]","$2y$13$RgSrTjVqoKV4j9wt/psV/.TUwT.m5O4Bkp5lbCD.dg5/ySVjgkR.6"
"12",NULL,"Dino Kovacek PhD","[]","$2y$13$RgSrTjVqoKV4j9wt/psV/.TUwT.m5O4Bkp5lbCD.dg5/ySVjgkR.6"
"13",NULL,"Meaghan Ledner","[]","$2y$13$RgSrTjVqoKV4j9wt/psV/.TUwT.m5O4Bkp5lbCD.dg5/ySVjgkR.6"
"14",NULL,"Monroe Grady","[]","$2y$13$RgSrTjVqoKV4j9wt/psV/.TUwT.m5O4Bkp5lbCD.dg5/ySVjgkR.6"
"15",NULL,"Laura Walker","[]","$2y$13$RgSrTjVqoKV4j9wt/psV/.TUwT.m5O4Bkp5lbCD.dg5/ySVjgkR.6"
"16",NULL,"Brigitte Bode","[]","$2y$13$RgSrTjVqoKV4j9wt/psV/.TUwT.m5O4Bkp5lbCD.dg5/ySVjgkR.6"
"17",NULL,"Dawson Reichert","[]","$2y$13$RgSrTjVqoKV4j9wt/psV/.TUwT.m5O4Bkp5lbCD.dg5/ySVjgkR.6"
"18",NULL,"Elsie Upton","[]","$2y$13$RgSrTjVqoKV4j9wt/psV/.TUwT.m5O4Bkp5lbCD.dg5/ySVjgkR.6"
"19",NULL,"Earl Gulgowski V","[]","$2y$13$RgSrTjVqoKV4j9wt/psV/.TUwT.m5O4Bkp5lbCD.dg5/ySVjgkR.6"
"20",NULL,"Hazle Bernhard","[]","$2y$13$RgSrTjVqoKV4j9wt/psV/.TUwT.m5O4Bkp5lbCD.dg5/ySVjgkR.6"
"21",NULL,"Mrs. Isabella Ernser PhD","[]","$2y$13$RgSrTjVqoKV4j9wt/psV/.TUwT.m5O4Bkp5lbCD.dg5/ySVjgkR.6"
"22",NULL,"Ms. Shanon Becker MD","[]","$2y$13$RgSrTjVqoKV4j9wt/psV/.TUwT.m5O4Bkp5lbCD.dg5/ySVjgkR.6"
"23",NULL,"Domenic Dach","[]","$2y$13$RgSrTjVqoKV4j9wt/psV/.TUwT.m5O4Bkp5lbCD.dg5/ySVjgkR.6"
"24",NULL,"Ethan Johns Jr.","[]","$2y$13$RgSrTjVqoKV4j9wt/psV/.TUwT.m5O4Bkp5lbCD.dg5/ySVjgkR.6"
"25",NULL,"Eva Skiles","[]","$2y$13$RgSrTjVqoKV4j9wt/psV/.TUwT.m5O4Bkp5lbCD.dg5/ySVjgkR.6"
"26",NULL,"Seamus Marvin","[]","$2y$13$RgSrTjVqoKV4j9wt/psV/.TUwT.m5O4Bkp5lbCD.dg5/ySVjgkR.6"
"27",NULL,"Arthur Konopelski DVM","[]","$2y$13$RgSrTjVqoKV4j9wt/psV/.TUwT.m5O4Bkp5lbCD.dg5/ySVjgkR.6"
"28",NULL,"Alexie Fritsch DDS","[]","$2y$13$RgSrTjVqoKV4j9wt/psV/.TUwT.m5O4Bkp5lbCD.dg5/ySVjgkR.6"
"29",NULL,"Ms. Maria Heaney Jr.","[]","$2y$13$RgSrTjVqoKV4j9wt/psV/.TUwT.m5O4Bkp5lbCD.dg5/ySVjgkR.6"
"30",NULL,"Raul Paucek","[]","$2y$13$RgSrTjVqoKV4j9wt/psV/.TUwT.m5O4Bkp5lbCD.dg5/ySVjgkR.6"
"31",NULL,"Alyce Gutmann","[]","$2y$13$RgSrTjVqoKV4j9wt/psV/.TUwT.m5O4Bkp5lbCD.dg5/ySVjgkR.6"
"32",NULL,"Mr. Hiram Denesik Jr.","[]","$2y$13$RgSrTjVqoKV4j9wt/psV/.TUwT.m5O4Bkp5lbCD.dg5/ySVjgkR.6"
"33",NULL,"Kory Becker PhD","[]","$2y$13$RgSrTjVqoKV4j9wt/psV/.TUwT.m5O4Bkp5lbCD.dg5/ySVjgkR.6"
"34",NULL,"Edwardo Bartoletti","[]","$2y$13$RgSrTjVqoKV4j9wt/psV/.TUwT.m5O4Bkp5lbCD.dg5/ySVjgkR.6"
"35",NULL,"Prof. Tyler Waelchi","[]","$2y$13$RgSrTjVqoKV4j9wt/psV/.TUwT.m5O4Bkp5lbCD.dg5/ySVjgkR.6"
"36",NULL,"Lavonne Rippin","[]","$2y$13$RgSrTjVqoKV4j9wt/psV/.TUwT.m5O4Bkp5lbCD.dg5/ySVjgkR.6"
"37",NULL,"Eduardo Cummerata","[]","$2y$13$RgSrTjVqoKV4j9wt/psV/.TUwT.m5O4Bkp5lbCD.dg5/ySVjgkR.6"
"38",NULL,"Myah Wilkinson","[]","$2y$13$RgSrTjVqoKV4j9wt/psV/.TUwT.m5O4Bkp5lbCD.dg5/ySVjgkR.6"
"39",NULL,"Heloise Stoltenberg","[]","$2y$13$RgSrTjVqoKV4j9wt/psV/.TUwT.m5O4Bkp5lbCD.dg5/ySVjgkR.6"
"40",NULL,"Frieda Windler","[]","$2y$13$RgSrTjVqoKV4j9wt/psV/.TUwT.m5O4Bkp5lbCD.dg5/ySVjgkR.6"
"41",NULL,"Dr. Finn Kshlerin PhD","[]","$2y$13$RgSrTjVqoKV4j9wt/psV/.TUwT.m5O4Bkp5lbCD.dg5/ySVjgkR.6"
"42",NULL,"Mr. Connor Cartwright","[]","$2y$13$RgSrTjVqoKV4j9wt/psV/.TUwT.m5O4Bkp5lbCD.dg5/ySVjgkR.6"
"43",NULL,"Emmie Feest","[]","$2y$13$RgSrTjVqoKV4j9wt/psV/.TUwT.m5O4Bkp5lbCD.dg5/ySVjgkR.6"
"44",NULL,"Nya Kunde PhD","[]","$2y$13$RgSrTjVqoKV4j9wt/psV/.TUwT.m5O4Bkp5lbCD.dg5/ySVjgkR.6"
"45",NULL,"Gina Reinger","[]","$2y$13$RgSrTjVqoKV4j9wt/psV/.TUwT.m5O4Bkp5lbCD.dg5/ySVjgkR.6"
"46",NULL,"Dr. Emerald Durgan II","[]","$2y$13$RgSrTjVqoKV4j9wt/psV/.TUwT.m5O4Bkp5lbCD.dg5/ySVjgkR.6"
"47",NULL,"Darius Jenkins","[]","$2y$13$RgSrTjVqoKV4j9wt/psV/.TUwT.m5O4Bkp5lbCD.dg5/ySVjgkR.6"
"48",NULL,"Ashlynn Hansen IV","[]","$2y$13$RgSrTjVqoKV4j9wt/psV/.TUwT.m5O4Bkp5lbCD.dg5/ySVjgkR.6"
"49",NULL,"Mrs. Hailie Goyette DDS","[]","$2y$13$RgSrTjVqoKV4j9wt/psV/.TUwT.m5O4Bkp5lbCD.dg5/ySVjgkR.6"
"50",NULL,"Ashly Ortiz","[]","$2y$13$RgSrTjVqoKV4j9wt/psV/.TUwT.m5O4Bkp5lbCD.dg5/ySVjgkR.6"
